-- MariaDB dump 10.19  Distrib 10.4.32-MariaDB, for Win64 (AMD64)
--
-- Host: localhost    Database: readify
-- ------------------------------------------------------
-- Server version	10.4.32-MariaDB

/*!40101 SET @OLD_CHARACTER_SET_CLIENT=@@CHARACTER_SET_CLIENT */;
/*!40101 SET @OLD_CHARACTER_SET_RESULTS=@@CHARACTER_SET_RESULTS */;
/*!40101 SET @OLD_COLLATION_CONNECTION=@@COLLATION_CONNECTION */;
/*!40101 SET NAMES utf8mb4 */;
/*!40103 SET @OLD_TIME_ZONE=@@TIME_ZONE */;
/*!40103 SET TIME_ZONE='+00:00' */;
/*!40014 SET @OLD_UNIQUE_CHECKS=@@UNIQUE_CHECKS, UNIQUE_CHECKS=0 */;
/*!40014 SET @OLD_FOREIGN_KEY_CHECKS=@@FOREIGN_KEY_CHECKS, FOREIGN_KEY_CHECKS=0 */;
/*!40101 SET @OLD_SQL_MODE=@@SQL_MODE, SQL_MODE='NO_AUTO_VALUE_ON_ZERO' */;
/*!40111 SET @OLD_SQL_NOTES=@@SQL_NOTES, SQL_NOTES=0 */;

--
-- Table structure for table `anggota`
--

DROP TABLE IF EXISTS `anggota`;
/*!40101 SET @saved_cs_client     = @@character_set_client */;
/*!40101 SET character_set_client = utf8 */;
CREATE TABLE `anggota` (
  `id_anggota` int(11) NOT NULL AUTO_INCREMENT,
  `user_id` int(11) DEFAULT NULL,
  `nis` varchar(20) DEFAULT NULL,
  `alamat` text DEFAULT NULL,
  `no_hp` varchar(15) DEFAULT NULL,
  `tanggal_daftar` date DEFAULT NULL,
  PRIMARY KEY (`id_anggota`),
  KEY `anggota_ibfk_1` (`user_id`)
) ENGINE=InnoDB DEFAULT CHARSET=utf8mb4 COLLATE=utf8mb4_general_ci;
/*!40101 SET character_set_client = @saved_cs_client */;

--
-- Dumping data for table `anggota`
--

LOCK TABLES `anggota` WRITE;
/*!40000 ALTER TABLE `anggota` DISABLE KEYS */;
/*!40000 ALTER TABLE `anggota` ENABLE KEYS */;
UNLOCK TABLES;

--
-- Table structure for table `buku`
--

DROP TABLE IF EXISTS `buku`;
/*!40101 SET @saved_cs_client     = @@character_set_client */;
/*!40101 SET character_set_client = utf8 */;
CREATE TABLE `buku` (
  `id_buku` int(11) NOT NULL AUTO_INCREMENT,
  `isbn` varchar(20) DEFAULT NULL,
  `judul` varchar(200) NOT NULL,
  `id_kategori` int(11) DEFAULT NULL,
  `id_penulis` int(11) DEFAULT NULL,
  `id_penerbit` int(11) DEFAULT NULL,
  `tahun_terbit` year(4) DEFAULT NULL,
  `jumlah` int(11) DEFAULT 0,
  `tersedia` int(11) DEFAULT 0,
  `deskripsi` text DEFAULT NULL,
  `cover` varchar(255) DEFAULT NULL,
  `created_at` timestamp NOT NULL DEFAULT current_timestamp(),
  `id_rak` int(11) NOT NULL,
  PRIMARY KEY (`id_buku`),
  UNIQUE KEY `isbn` (`isbn`),
  KEY `id_kategori` (`id_kategori`),
  KEY `id_penulis` (`id_penulis`),
  KEY `id_penerbit` (`id_penerbit`),
  CONSTRAINT `buku_ibfk_1` FOREIGN KEY (`id_kategori`) REFERENCES `kategori` (`id_kategori`) ON DELETE SET NULL ON UPDATE CASCADE,
  CONSTRAINT `buku_ibfk_2` FOREIGN KEY (`id_penulis`) REFERENCES `penulis` (`id_penulis`) ON DELETE SET NULL ON UPDATE CASCADE,
  CONSTRAINT `buku_ibfk_3` FOREIGN KEY (`id_penerbit`) REFERENCES `penerbit` (`id_penerbit`) ON DELETE SET NULL ON UPDATE CASCADE
) ENGINE=InnoDB AUTO_INCREMENT=29 DEFAULT CHARSET=utf8mb4 COLLATE=utf8mb4_general_ci;
/*!40101 SET character_set_client = @saved_cs_client */;

--
-- Dumping data for table `buku`
--

LOCK TABLES `buku` WRITE;
/*!40000 ALTER TABLE `buku` DISABLE KEYS */;
INSERT INTO `buku` VALUES (20,'9786020215904','Naruto Vol. 1',12,4,10,NULL,10,10,'2000','1776872589_eb686478d12148128d20.jpg','2026-04-18 16:17:50',0),(21,'9786024270001','Matematika',4,6,9,NULL,12,12,'Buku pelajaran matematika','1776872568_79bf54b0717ce6cd6e70.png','2026-04-18 16:21:06',0),(22,'9786020678351','aku yang sudah lama hilang',2,7,11,2024,11,11,'Buku ini dirancang sebagai panduan untuk merunut kembali jiwa yang sering diabaikan dalam kehidupan dewasa yang sibuk dan membingungkan. ','1776872379_2abb8eda4a224abe6888.jpg','2026-04-22 15:39:39',0),(25,'9786020655222','Saat-Saat Jauh',2,10,14,2021,10,10,'Novel ini mengisahkan tentang hubungan percintaan jarak jauh antara Aline, seorang perawat yang mengabdikan diri di Panti Jompo J&J, dan Alex, seorang dokter internship di RS Andropeda.','1776873776_c2e49b583311ee7639a9.jpg','2026-04-22 16:02:56',0),(26,' 9786238944026','Makanya, Mikir!',2,11,15,2025,10,10,'Buku ini ditulis oleh dua figur pemengaruh (influencer) yang aktif dalam isu sosial, politik, dan pendidikan, yaitu Abigail Limuria dan Cania Citta. ','1776873961_42de83af30bb0c16bfc2.png','2026-04-22 16:06:01',0),(27,' 9786020327662','Insecure',2,12,16,2016,10,10,'Novel ini mengisahkan tentang Zee Rasyid, seorang siswi pendiam dan tertutup yang memiliki trauma masa lalu, sehingga ia cenderung menarik diri dari lingkungan.','1776874109_96ea4155df9e5be759cf.png','2026-04-22 16:08:29',0),(28,' 978-602-208-372-6','Nak, Kamu Gapapa, Kan?',2,13,17,2024,10,10,'Novel ini merupakan buku motivasi/fiksi yang menyentuh hati, mengangkat tema kesepian, kehilangan, dan pencarian kasih sayang yang tidak didapatkan di rumah.','1776874279_724d4171a449fec6d329.jpg','2026-04-22 16:11:19',0);
/*!40000 ALTER TABLE `buku` ENABLE KEYS */;
UNLOCK TABLES;

--
-- Table structure for table `buku_rak`
--

DROP TABLE IF EXISTS `buku_rak`;
/*!40101 SET @saved_cs_client     = @@character_set_client */;
/*!40101 SET character_set_client = utf8 */;
CREATE TABLE `buku_rak` (
  `id` int(11) NOT NULL AUTO_INCREMENT,
  `id_buku` int(11) NOT NULL,
  `id_rak` int(11) NOT NULL,
  PRIMARY KEY (`id`)
) ENGINE=InnoDB AUTO_INCREMENT=13 DEFAULT CHARSET=utf8mb4 COLLATE=utf8mb4_general_ci;
/*!40101 SET character_set_client = @saved_cs_client */;

--
-- Dumping data for table `buku_rak`
--

LOCK TABLES `buku_rak` WRITE;
/*!40000 ALTER TABLE `buku_rak` DISABLE KEYS */;
INSERT INTO `buku_rak` VALUES (1,17,4),(2,18,5),(3,19,6),(4,20,7),(5,21,4),(6,22,6),(7,23,6),(8,24,6),(9,25,6),(10,26,6),(11,27,6),(12,28,6);
/*!40000 ALTER TABLE `buku_rak` ENABLE KEYS */;
UNLOCK TABLES;

--
-- Table structure for table `denda`
--

DROP TABLE IF EXISTS `denda`;
/*!40101 SET @saved_cs_client     = @@character_set_client */;
/*!40101 SET character_set_client = utf8 */;
CREATE TABLE `denda` (
  `id_denda` int(11) NOT NULL,
  `id_pengembalian` int(11) DEFAULT NULL,
  `jumlah_denda` decimal(10,2) DEFAULT NULL,
  `status` enum('belum_bayar','sudah_bayar') DEFAULT 'belum_bayar',
  PRIMARY KEY (`id_denda`),
  KEY `denda_ibfk_1` (`id_pengembalian`)
) ENGINE=InnoDB DEFAULT CHARSET=utf8mb4 COLLATE=utf8mb4_general_ci;
/*!40101 SET character_set_client = @saved_cs_client */;

--
-- Dumping data for table `denda`
--

LOCK TABLES `denda` WRITE;
/*!40000 ALTER TABLE `denda` DISABLE KEYS */;
/*!40000 ALTER TABLE `denda` ENABLE KEYS */;
UNLOCK TABLES;

--
-- Table structure for table `detail_peminjaman`
--

DROP TABLE IF EXISTS `detail_peminjaman`;
/*!40101 SET @saved_cs_client     = @@character_set_client */;
/*!40101 SET character_set_client = utf8 */;
CREATE TABLE `detail_peminjaman` (
  `id_detail` int(11) NOT NULL,
  `id_peminjaman` int(11) DEFAULT NULL,
  `id_buku` int(11) DEFAULT NULL,
  `jumlah` int(11) DEFAULT NULL,
  PRIMARY KEY (`id_detail`),
  KEY `detail_peminjaman_ibfk_1` (`id_peminjaman`),
  KEY `detail_peminjaman_ibfk_2` (`id_buku`)
) ENGINE=InnoDB DEFAULT CHARSET=utf8mb4 COLLATE=utf8mb4_general_ci;
/*!40101 SET character_set_client = @saved_cs_client */;

--
-- Dumping data for table `detail_peminjaman`
--

LOCK TABLES `detail_peminjaman` WRITE;
/*!40000 ALTER TABLE `detail_peminjaman` DISABLE KEYS */;
/*!40000 ALTER TABLE `detail_peminjaman` ENABLE KEYS */;
UNLOCK TABLES;

--
-- Table structure for table `kategori`
--

DROP TABLE IF EXISTS `kategori`;
/*!40101 SET @saved_cs_client     = @@character_set_client */;
/*!40101 SET character_set_client = utf8 */;
CREATE TABLE `kategori` (
  `id_kategori` int(11) NOT NULL AUTO_INCREMENT,
  `nama_kategori` varchar(100) NOT NULL,
  PRIMARY KEY (`id_kategori`)
) ENGINE=InnoDB AUTO_INCREMENT=13 DEFAULT CHARSET=utf8mb4 COLLATE=utf8mb4_general_ci;
/*!40101 SET character_set_client = @saved_cs_client */;

--
-- Dumping data for table `kategori`
--

LOCK TABLES `kategori` WRITE;
/*!40000 ALTER TABLE `kategori` DISABLE KEYS */;
INSERT INTO `kategori` VALUES (2,'novel'),(4,'pelajaran'),(12,'komik');
/*!40000 ALTER TABLE `kategori` ENABLE KEYS */;
UNLOCK TABLES;

--
-- Table structure for table `log_aktivitas`
--

DROP TABLE IF EXISTS `log_aktivitas`;
/*!40101 SET @saved_cs_client     = @@character_set_client */;
/*!40101 SET character_set_client = utf8 */;
CREATE TABLE `log_aktivitas` (
  `id_log` int(11) NOT NULL,
  `user_id` int(11) DEFAULT NULL,
  `aktivitas` text DEFAULT NULL,
  `waktu` timestamp NOT NULL DEFAULT current_timestamp(),
  PRIMARY KEY (`id_log`),
  KEY `log_aktivitas_ibfk_1` (`user_id`)
) ENGINE=InnoDB DEFAULT CHARSET=utf8mb4 COLLATE=utf8mb4_general_ci;
/*!40101 SET character_set_client = @saved_cs_client */;

--
-- Dumping data for table `log_aktivitas`
--

LOCK TABLES `log_aktivitas` WRITE;
/*!40000 ALTER TABLE `log_aktivitas` DISABLE KEYS */;
/*!40000 ALTER TABLE `log_aktivitas` ENABLE KEYS */;
UNLOCK TABLES;

--
-- Table structure for table `peminjaman`
--

DROP TABLE IF EXISTS `peminjaman`;
/*!40101 SET @saved_cs_client     = @@character_set_client */;
/*!40101 SET character_set_client = utf8 */;
CREATE TABLE `peminjaman` (
  `id_peminjaman` int(11) NOT NULL AUTO_INCREMENT,
  `id_anggota` int(11) DEFAULT NULL,
  `id_petugas` int(11) DEFAULT NULL,
  `tanggal_pinjam` date DEFAULT NULL,
  `tanggal_kembali` date DEFAULT NULL,
  `status` enum('dipinjam','kembali','terlambat') DEFAULT 'dipinjam',
  `id_buku` int(11) DEFAULT NULL,
  `perpanjang` int(11) DEFAULT 0,
  PRIMARY KEY (`id_peminjaman`),
  KEY `peminjaman_ibfk_1` (`id_anggota`),
  KEY `peminjaman_ibfk_2` (`id_petugas`)
) ENGINE=InnoDB AUTO_INCREMENT=34 DEFAULT CHARSET=utf8mb4 COLLATE=utf8mb4_general_ci;
/*!40101 SET character_set_client = @saved_cs_client */;

--
-- Dumping data for table `peminjaman`
--

LOCK TABLES `peminjaman` WRITE;
/*!40000 ALTER TABLE `peminjaman` DISABLE KEYS */;
INSERT INTO `peminjaman` VALUES (32,3,2,'2026-04-23','2026-05-03','dipinjam',NULL,0),(33,19,2,'2026-04-23','2026-04-30','dipinjam',NULL,0);
/*!40000 ALTER TABLE `peminjaman` ENABLE KEYS */;
UNLOCK TABLES;

--
-- Table structure for table `penarikan`
--

DROP TABLE IF EXISTS `penarikan`;
/*!40101 SET @saved_cs_client     = @@character_set_client */;
/*!40101 SET character_set_client = utf8 */;
CREATE TABLE `penarikan` (
  `id_penarikan` int(11) NOT NULL,
  `id_peminjaman` int(11) DEFAULT NULL,
  `alamat` text DEFAULT NULL,
  `biaya` decimal(10,2) DEFAULT NULL,
  `status` enum('menunggu','diproses','diambil','selesai') DEFAULT 'menunggu',
  `tanggal_ambil` date DEFAULT NULL,
  `petugas_id` int(11) DEFAULT NULL,
  PRIMARY KEY (`id_penarikan`),
  KEY `penarikan_ibfk_1` (`id_peminjaman`),
  KEY `penarikan_ibfk_2` (`petugas_id`)
) ENGINE=InnoDB DEFAULT CHARSET=utf8mb4 COLLATE=utf8mb4_general_ci;
/*!40101 SET character_set_client = @saved_cs_client */;

--
-- Dumping data for table `penarikan`
--

LOCK TABLES `penarikan` WRITE;
/*!40000 ALTER TABLE `penarikan` DISABLE KEYS */;
/*!40000 ALTER TABLE `penarikan` ENABLE KEYS */;
UNLOCK TABLES;

--
-- Table structure for table `penerbit`
--

DROP TABLE IF EXISTS `penerbit`;
/*!40101 SET @saved_cs_client     = @@character_set_client */;
/*!40101 SET character_set_client = utf8 */;
CREATE TABLE `penerbit` (
  `id_penerbit` int(11) NOT NULL AUTO_INCREMENT,
  `nama_penerbit` varchar(100) NOT NULL,
  `alamat` text NOT NULL,
  PRIMARY KEY (`id_penerbit`)
) ENGINE=InnoDB AUTO_INCREMENT=19 DEFAULT CHARSET=utf8mb4 COLLATE=utf8mb4_general_ci;
/*!40101 SET character_set_client = @saved_cs_client */;

--
-- Dumping data for table `penerbit`
--

LOCK TABLES `penerbit` WRITE;
/*!40000 ALTER TABLE `penerbit` DISABLE KEYS */;
INSERT INTO `penerbit` VALUES (8,'Bentang Pustaka','Yogyakarta'),(9,'erlangga','Jl. H. Baping Raya No. 100, Ciracas, Jakarta Timur 13740. \r\nJDIH Provinsi Banten\r\n'),(10,'Elex Media Komputindo.','Gedung Kompas Gramedia, Jl. Palmerah Barat No. 29-37, Jakarta 10270, Indonesia'),(11,' Gramedia Pustaka Utama',''),(12,' Gramedia Pustaka Utama',''),(13,'Black Swan Books (PT Sinar Angsa Media-Black)',''),(14,'Gramedia Pustaka Utama',''),(15,'PT Simpul Aksara Grup (Simpul)',''),(16,'PT Gramedia Pustaka Utama',''),(17,'Gradien Mediatama','');
/*!40000 ALTER TABLE `penerbit` ENABLE KEYS */;
UNLOCK TABLES;

--
-- Table structure for table `pengaturan`
--

DROP TABLE IF EXISTS `pengaturan`;
/*!40101 SET @saved_cs_client     = @@character_set_client */;
/*!40101 SET character_set_client = utf8 */;
CREATE TABLE `pengaturan` (
  `id` int(11) NOT NULL,
  `nama_aplikasi` varchar(100) DEFAULT NULL,
  `denda_per_hari` decimal(10,2) DEFAULT NULL,
  `maksimal_pinjam` int(11) DEFAULT NULL,
  `lama_pinjam` int(11) DEFAULT NULL,
  PRIMARY KEY (`id`)
) ENGINE=InnoDB DEFAULT CHARSET=utf8mb4 COLLATE=utf8mb4_general_ci;
/*!40101 SET character_set_client = @saved_cs_client */;

--
-- Dumping data for table `pengaturan`
--

LOCK TABLES `pengaturan` WRITE;
/*!40000 ALTER TABLE `pengaturan` DISABLE KEYS */;
INSERT INTO `pengaturan` VALUES (1,'Sistem Perpustakaan',1000.00,3,7);
/*!40000 ALTER TABLE `pengaturan` ENABLE KEYS */;
UNLOCK TABLES;

--
-- Table structure for table `pengembalian`
--

DROP TABLE IF EXISTS `pengembalian`;
/*!40101 SET @saved_cs_client     = @@character_set_client */;
/*!40101 SET character_set_client = utf8 */;
CREATE TABLE `pengembalian` (
  `id_pengembalian` int(11) NOT NULL AUTO_INCREMENT,
  `id_peminjaman` int(11) DEFAULT NULL,
  `tanggal_dikembalikan` date DEFAULT NULL,
  `denda` decimal(10,2) DEFAULT 0.00,
  PRIMARY KEY (`id_pengembalian`),
  KEY `pengembalian_ibfk_1` (`id_peminjaman`)
) ENGINE=InnoDB AUTO_INCREMENT=11 DEFAULT CHARSET=utf8mb4 COLLATE=utf8mb4_general_ci;
/*!40101 SET character_set_client = @saved_cs_client */;

--
-- Dumping data for table `pengembalian`
--

LOCK TABLES `pengembalian` WRITE;
/*!40000 ALTER TABLE `pengembalian` DISABLE KEYS */;
INSERT INTO `pengembalian` VALUES (6,10,'2026-04-22',2000.00),(7,19,'2026-04-23',0.00),(8,NULL,'2026-04-23',0.00);
/*!40000 ALTER TABLE `pengembalian` ENABLE KEYS */;
UNLOCK TABLES;

--
-- Table structure for table `pengiriman`
--

DROP TABLE IF EXISTS `pengiriman`;
/*!40101 SET @saved_cs_client     = @@character_set_client */;
/*!40101 SET character_set_client = utf8 */;
CREATE TABLE `pengiriman` (
  `id_pengiriman` int(11) NOT NULL,
  `id_peminjaman` int(11) DEFAULT NULL,
  `alamat` text DEFAULT NULL,
  `biaya` decimal(10,2) DEFAULT NULL,
  `status` enum('menunggu','diproses','dikirim','sampai') DEFAULT 'menunggu',
  `tanggal_kirim` date DEFAULT NULL,
  `petugas_id` int(11) DEFAULT NULL,
  PRIMARY KEY (`id_pengiriman`),
  KEY `pengiriman_ibfk_1` (`id_peminjaman`),
  KEY `pengiriman_ibfk_2` (`petugas_id`)
) ENGINE=InnoDB DEFAULT CHARSET=utf8mb4 COLLATE=utf8mb4_general_ci;
/*!40101 SET character_set_client = @saved_cs_client */;

--
-- Dumping data for table `pengiriman`
--

LOCK TABLES `pengiriman` WRITE;
/*!40000 ALTER TABLE `pengiriman` DISABLE KEYS */;
/*!40000 ALTER TABLE `pengiriman` ENABLE KEYS */;
UNLOCK TABLES;

--
-- Table structure for table `penulis`
--

DROP TABLE IF EXISTS `penulis`;
/*!40101 SET @saved_cs_client     = @@character_set_client */;
/*!40101 SET character_set_client = utf8 */;
CREATE TABLE `penulis` (
  `id_penulis` int(11) NOT NULL AUTO_INCREMENT,
  `nama_penulis` varchar(100) NOT NULL,
  PRIMARY KEY (`id_penulis`)
) ENGINE=InnoDB AUTO_INCREMENT=14 DEFAULT CHARSET=utf8mb4 COLLATE=utf8mb4_general_ci;
/*!40101 SET character_set_client = @saved_cs_client */;

--
-- Dumping data for table `penulis`
--

LOCK TABLES `penulis` WRITE;
/*!40000 ALTER TABLE `penulis` DISABLE KEYS */;
INSERT INTO `penulis` VALUES (3,'Andrea Hirata'),(4,'Masashi Kishimoto'),(6,'erlangga'),(7,'Nago Tejena, M. Psi., Psikolog'),(8,'Eka Kurniawan'),(9,'Wulan Nur Amalia'),(10,'Lia Seplia'),(11,'Abigail Limuria dan Cania Citta'),(12,'Seplia'),(13,' Mas Koko Ganteng');
/*!40000 ALTER TABLE `penulis` ENABLE KEYS */;
UNLOCK TABLES;

--
-- Table structure for table `petugas`
--

DROP TABLE IF EXISTS `petugas`;
/*!40101 SET @saved_cs_client     = @@character_set_client */;
/*!40101 SET character_set_client = utf8 */;
CREATE TABLE `petugas` (
  `id_petugas` int(11) NOT NULL,
  `user_id` int(11) DEFAULT NULL,
  `jabatan` varchar(50) DEFAULT NULL,
  PRIMARY KEY (`id_petugas`),
  KEY `petugas_ibfk_1` (`user_id`)
) ENGINE=InnoDB DEFAULT CHARSET=utf8mb4 COLLATE=utf8mb4_general_ci;
/*!40101 SET character_set_client = @saved_cs_client */;

--
-- Dumping data for table `petugas`
--

LOCK TABLES `petugas` WRITE;
/*!40000 ALTER TABLE `petugas` DISABLE KEYS */;
/*!40000 ALTER TABLE `petugas` ENABLE KEYS */;
UNLOCK TABLES;

--
-- Table structure for table `rak`
--

DROP TABLE IF EXISTS `rak`;
/*!40101 SET @saved_cs_client     = @@character_set_client */;
/*!40101 SET character_set_client = utf8 */;
CREATE TABLE `rak` (
  `id_rak` int(11) NOT NULL AUTO_INCREMENT,
  `nama_rak` varchar(50) DEFAULT NULL,
  `lokasi` varchar(100) DEFAULT NULL,
  PRIMARY KEY (`id_rak`)
) ENGINE=InnoDB AUTO_INCREMENT=8 DEFAULT CHARSET=utf8mb4 COLLATE=utf8mb4_general_ci;
/*!40101 SET character_set_client = @saved_cs_client */;

--
-- Dumping data for table `rak`
--

LOCK TABLES `rak` WRITE;
/*!40000 ALTER TABLE `rak` DISABLE KEYS */;
INSERT INTO `rak` VALUES (4,'rak 1','lantai1'),(5,'rak2','lantai2'),(6,'rak novel','lantai 3'),(7,'Rak Komik B','lantai 2');
/*!40000 ALTER TABLE `rak` ENABLE KEYS */;
UNLOCK TABLES;

--
-- Table structure for table `reservasi`
--

DROP TABLE IF EXISTS `reservasi`;
/*!40101 SET @saved_cs_client     = @@character_set_client */;
/*!40101 SET character_set_client = utf8 */;
CREATE TABLE `reservasi` (
  `id_reservasi` int(11) NOT NULL,
  `id_anggota` int(11) DEFAULT NULL,
  `id_buku` int(11) DEFAULT NULL,
  `tanggal_reservasi` date DEFAULT NULL,
  `status` enum('menunggu','disetujui','dibatalkan') DEFAULT 'menunggu',
  PRIMARY KEY (`id_reservasi`),
  KEY `reservasi_ibfk_1` (`id_anggota`),
  KEY `reservasi_ibfk_2` (`id_buku`)
) ENGINE=InnoDB DEFAULT CHARSET=utf8mb4 COLLATE=utf8mb4_general_ci;
/*!40101 SET character_set_client = @saved_cs_client */;

--
-- Dumping data for table `reservasi`
--

LOCK TABLES `reservasi` WRITE;
/*!40000 ALTER TABLE `reservasi` DISABLE KEYS */;
/*!40000 ALTER TABLE `reservasi` ENABLE KEYS */;
UNLOCK TABLES;

--
-- Table structure for table `transaksi`
--

DROP TABLE IF EXISTS `transaksi`;
/*!40101 SET @saved_cs_client     = @@character_set_client */;
/*!40101 SET character_set_client = utf8 */;
CREATE TABLE `transaksi` (
  `id_transaksi` int(11) NOT NULL,
  `id_peminjaman` int(11) DEFAULT NULL,
  `jenis` enum('denda','pengiriman','penarikan') DEFAULT NULL,
  `jumlah` decimal(10,2) DEFAULT NULL,
  `status` enum('belum_bayar','lunas') DEFAULT 'belum_bayar',
  `tanggal` timestamp NOT NULL DEFAULT current_timestamp(),
  PRIMARY KEY (`id_transaksi`),
  KEY `transaksi_ibfk_1` (`id_peminjaman`)
) ENGINE=InnoDB DEFAULT CHARSET=utf8mb4 COLLATE=utf8mb4_general_ci;
/*!40101 SET character_set_client = @saved_cs_client */;

--
-- Dumping data for table `transaksi`
--

LOCK TABLES `transaksi` WRITE;
/*!40000 ALTER TABLE `transaksi` DISABLE KEYS */;
/*!40000 ALTER TABLE `transaksi` ENABLE KEYS */;
UNLOCK TABLES;

--
-- Table structure for table `ulasan`
--

DROP TABLE IF EXISTS `ulasan`;
/*!40101 SET @saved_cs_client     = @@character_set_client */;
/*!40101 SET character_set_client = utf8 */;
CREATE TABLE `ulasan` (
  `id_ulasan` int(11) NOT NULL,
  `id_buku` int(11) DEFAULT NULL,
  `id_anggota` int(11) DEFAULT NULL,
  `rating` int(11) DEFAULT NULL,
  `komentar` text DEFAULT NULL,
  `tanggal` timestamp NOT NULL DEFAULT current_timestamp(),
  PRIMARY KEY (`id_ulasan`),
  KEY `ulasan_ibfk_1` (`id_buku`),
  KEY `ulasan_ibfk_2` (`id_anggota`)
) ENGINE=InnoDB DEFAULT CHARSET=utf8mb4 COLLATE=utf8mb4_general_ci;
/*!40101 SET character_set_client = @saved_cs_client */;

--
-- Dumping data for table `ulasan`
--

LOCK TABLES `ulasan` WRITE;
/*!40000 ALTER TABLE `ulasan` DISABLE KEYS */;
/*!40000 ALTER TABLE `ulasan` ENABLE KEYS */;
UNLOCK TABLES;

--
-- Table structure for table `users`
--

DROP TABLE IF EXISTS `users`;
/*!40101 SET @saved_cs_client     = @@character_set_client */;
/*!40101 SET character_set_client = utf8 */;
CREATE TABLE `users` (
  `id` int(11) NOT NULL AUTO_INCREMENT,
  `nama` varchar(100) DEFAULT NULL,
  `email` varchar(100) DEFAULT NULL,
  `username` varchar(50) DEFAULT NULL,
  `password` varchar(255) DEFAULT NULL,
  `role` enum('admin','petugas','anggota') DEFAULT 'anggota',
  `foto` varchar(255) DEFAULT NULL,
  `status` enum('aktif','nonaktif') DEFAULT 'aktif',
  `created_at` timestamp NOT NULL DEFAULT current_timestamp(),
  PRIMARY KEY (`id`)
) ENGINE=InnoDB AUTO_INCREMENT=20 DEFAULT CHARSET=utf8mb4 COLLATE=utf8mb4_general_ci;
/*!40101 SET character_set_client = @saved_cs_client */;

--
-- Dumping data for table `users`
--

LOCK TABLES `users` WRITE;
/*!40000 ALTER TABLE `users` DISABLE KEYS */;
INSERT INTO `users` VALUES (1,'siti humairoh','siti.humairoh3427@smk.belajar.id','umay','$2y$10$FIqSa8xGdrDEClyPkaCrHeA7EQk0EPDrtWc2Is4F38tK1U0vi6FHO','admin','1776485085_d3425f42deb0c9d501fe.png','aktif','2026-04-18 04:04:45'),(2,'irsyad','irsyad@gmail.com','icad','$2y$10$DVN..t1zy2oGph0i4hBUhuSJGckAB6IfakxgKPhYMeENDf6CP1qIK','petugas','1775888752_0f022065ac9e3a888ee6.png','aktif','2026-04-11 06:25:52'),(3,'siti kartika','sitkartika@gmail.com','tika','$2y$10$N8sdJfpBDy08N6KN7W9htOPxD1QBrRzX/e.O9Vmw3odmRCOAcez6K','anggota','1776485204_52d9c1e70a8dcd6f90be.jpg','aktif','2026-04-18 04:06:44');
/*!40000 ALTER TABLE `users` ENABLE KEYS */;
UNLOCK TABLES;
/*!40103 SET TIME_ZONE=@OLD_TIME_ZONE */;

/*!40101 SET SQL_MODE=@OLD_SQL_MODE */;
/*!40014 SET FOREIGN_KEY_CHECKS=@OLD_FOREIGN_KEY_CHECKS */;
/*!40014 SET UNIQUE_CHECKS=@OLD_UNIQUE_CHECKS */;
/*!40101 SET CHARACTER_SET_CLIENT=@OLD_CHARACTER_SET_CLIENT */;
/*!40101 SET CHARACTER_SET_RESULTS=@OLD_CHARACTER_SET_RESULTS */;
/*!40101 SET COLLATION_CONNECTION=@OLD_COLLATION_CONNECTION */;
/*!40111 SET SQL_NOTES=@OLD_SQL_NOTES */;

-- Dump completed on 2026-04-23 14:39:17
